report_year,state,metal,total_air_emission_kg,total_water_emission_kg,total_land_emission_kg,facility_count
1998/1999,ACT,Cadmium & compounds,98.03,0.0,0.0,3
1998/1999,ACT,Lead & compounds,780.04,0.0,0.0,2
1998/1999,ACT,Mercury & compounds,133.52,0.0,0.0,2
1998/1999,NSW,Cadmium & compounds,70.73443999999999,0.2,0.0073,20
1998/1999,NSW,Lead & compounds,1626.623998,1.4335,133.1546,44
1998/1999,NSW,Mercury & compounds,274.10456,0.0,4.1e-05,26
1998/1999,NT,Cadmium & compounds,48.745258557084,0.001,0.0,37
1998/1999,NT,Lead & compounds,4098.979129456395,1.61,0.0,21
1998/1999,NT,Mercury & compounds,25.4236877368898,0.0005,0.0,14
1998/1999,QLD,Cadmium & compounds,259.0931,35.062999999999995,0.0,21
1998/1999,QLD,Lead & compounds,4043.6655,164.62,150.07,37
1998/1999,QLD,Mercury & compounds,811.603,15.46,0.0,19
1998/1999,SA,Cadmium & compounds,44.22002,15.95,0.008,14
1998/1999,SA,Lead & compounds,580.12029,10239.8,0.08,15
1998/1999,SA,Mercury & compounds,14.200004700000001,27.5,0.0084,14
1998/1999,TAS,Cadmium & compounds,9.033,0.0,0.0,7
1998/1999,TAS,Lead & compounds,81.172,257.23199999999997,0.0,11
1998/1999,TAS,Mercury & compounds,7.669999999999999,16.0,0.0,6
1998/1999,VIC,Cadmium & compounds,66.96770000000001,1.0,0.0,29
1998/1999,VIC,Lead & compounds,347.3042,2.84,0.0,33
1998/1999,VIC,Mercury & compounds,41.5947,1.0,0.0,30
1998/1999,WA,Cadmium & compounds,500.49301699999995,263.72528,29.665,52
1998/1999,WA,Lead & compounds,8302.7720355,512.75268,387.0801,68
1998/1999,WA,Mercury & compounds,929.579237521,36.05748,8.1421,51
1999/2000,ACT,Cadmium & compounds,122.77850000000001,3.200000172,0.0,8
1999/2000,ACT,Lead & compounds,205.83522,14.600000773,0.0,7
1999/2000,ACT,Mercury & compounds,245.51932,4.9000000073,0.0,9
1999/2000,NSW,Cadmium & compounds,1012.240981,626.35,19.995435691999997,67
1999/2000,NSW,Lead & compounds,33906.471275,1864.9419825,1607.872118,96
1999/2000,NSW,Mercury & compounds,1057.248501,4.34,1.57,66
1999/2000,NT,Cadmium & compounds,131.6562645869456,13.0,6.866765792800001,55
1999/2000,NT,Lead & compounds,7655.22860170943,11.1,716.10004695,37
1999/2000,NT,Mercury & compounds,42.97806100841823,0.4,1.7624628161000002,31
1999/2000,QLD,Cadmium & compounds,7869.1602746088,119.546541623,1398.3106308705055,136
1999/2000,QLD,Lead & compounds,563359.105284053,1099.9077135960001,2381.9760259171558,152
1999/2000,QLD,Mercury & compounds,3265.6209549966247,5.275355446,3.60795506587696,132
1999/2000,SA,Cadmium & compounds,153.28453,1116.14,0.0482,49
1999/2000,SA,Lead & compounds,28744.238663,22942.857,0.280583,56
1999/2000,SA,Mercury & compounds,38.354927,26.85,0.0318,50
1999/2000,TAS,Cadmium & compounds,48.1503,1589.4623,0.3,44
1999/2000,TAS,Lead & compounds,4274.2853,4976.044,296.7,47
1999/2000,TAS,Mercury & compounds,175.03073,40.2746,0.0,39
1999/2000,VIC,Cadmium & compounds,274.3996,86.181,270.0,104
1999/2000,VIC,Lead & compounds,4081.8026999999997,1439.555,7020.567,115
1999/2000,VIC,Mercury & compounds,654.5386,27.00602,10.0,105
1999/2000,WA,Cadmium & compounds,1663.5382241940001,247.42227,235.79976,98
1999/2000,WA,Lead & compounds,71888.39160336,779.689,33883.711000595,124
1999/2000,WA,Mercury & compounds,2142.58890776,30.63943,44.40282005,93
2000/2001,ACT,Cadmium & compounds,41.3280047,3.42,0.0034,6
2000/2001,ACT,Lead & compounds,51.6479,14.63,0.019,5
2000/2001,ACT,Mercury & compounds,87.4641,0.0,0.0,3
2000/2001,NSW,Cadmium & compounds,865.1028,910.7280000000001,21.0,96
2000/2001,NSW,Lead & compounds,44466.754447,3712.7117,351.758,127
2000/2001,NSW,Mercury & compounds,1415.0615088,37.5163,1.31,102
2000/2001,NT,Cadmium & compounds,139.54271076,978.23,4.209535,30
2000/2001,NT,Lead & compounds,11143.646502839,19346.0,854.9151589999999,33
2000/2001,NT,Mercury & compounds,33.663849635,1.0,1.9971543,26
2000/2001,QLD,Cadmium & compounds,7797.4685472987,129.553944599,1167.0901442097172,197
2000/2001,QLD,Lead & compounds,276280.823188916,1899.36772442,871.410157666186,217
2000/2001,QLD,Mercury & compounds,2007.0111387735035,17.152795162,1.33197170923471,201
2000/2001,SA,Cadmium & compounds,3372.8197099999998,922.74,0.0334,55
2000/2001,SA,Lead & compounds,91444.24626500001,13670.6,0.2213,54
2000/2001,SA,Mercury & compounds,175.48066899999998,33.4,0.1017,57
2000/2001,TAS,Cadmium & compounds,82.0678,1059.4624919999999,0.0,37
2000/2001,TAS,Lead & compounds,3191.671,4303.698263,5652.5,40
2000/2001,TAS,Mercury & compounds,300.93143299999997,38.856210000000004,0.0,36
2000/2001,VIC,Cadmium & compounds,863.0292000000001,307.53,200.303342,143
2000/2001,VIC,Lead & compounds,4567.21762,1529.05,5281.415141,156
2000/2001,VIC,Mercury & compounds,407.358204,65.0,10.013007270000001,149
2000/2001,WA,Cadmium & compounds,1473.717075,612.87,43.597600134,125
2000/2001,WA,Lead & compounds,68178.483909,5437.9169999999995,43980.542350595,152
2000/2001,WA,Mercury & compounds,2274.377392,11.693137,38.906500005,116
2001/2002,ACT,Cadmium & compounds,8.004,1.379,0.00233,2
2001/2002,ACT,Lead & compounds,84.1025,14.7914,0.0238,4
2001/2002,ACT,Mercury & compounds,3.0515,0.0,0.0,2
2001/2002,NSW,Cadmium & compounds,1258.091412,550.7111,19.43,130
2001/2002,NSW,Lead & compounds,39591.995993,8935.45,390.138,172
2001/2002,NSW,Mercury & compounds,1154.4199447,7.76510025,1.09,134
2001/2002,NT,Cadmium & compounds,141.484714973,28.185263538999997,0.912006539,31
2001/2002,NT,Lead & compounds,14231.85423403,25.514443144,11.907494147,34
2001/2002,NT,Mercury & compounds,29.359152838,2.4623294369999997,0.068651117,29
2001/2002,QLD,Cadmium & compounds,10276.471381848121,120.373888,140.609594392,221
2001/2002,QLD,Lead & compounds,442887.021279331,721.2873411,185215.169334268,243
2001/2002,QLD,Mercury & compounds,1836.58408177613,4.732406405,7.3808758028,223
2001/2002,SA,Cadmium & compounds,3222.44002,835.0,0.21589999999999998,75
2001/2002,SA,Lead & compounds,76350.91849,11366.6325,0.3462,78
2001/2002,SA,Mercury & compounds,1014.1337,29.051099999999998,54.42626,77
2001/2002,TAS,Cadmium & compounds,84.15332599999999,993.899,9.673717575,47
2001/2002,TAS,Lead & compounds,3046.6736,4556.621,29.554236085,49
2001/2002,TAS,Mercury & compounds,387.17797297,40.076,0.006992868,47
2001/2002,VIC,Cadmium & compounds,330.8652,691.1,337.986109,182
2001/2002,VIC,Lead & compounds,5270.3683,913.173,7390.12477,199
2001/2002,VIC,Mercury & compounds,467.945959,53.774,112.8849828,188
2001/2002,WA,Cadmium & compounds,1695.36391111,346.947033117,381.262935,139
2001/2002,WA,Lead & compounds,57673.780890248,1649.30156134,1988.416978,174
2001/2002,WA,Mercury & compounds,2439.294433473,11.087056508,38.04261536,134
2002/2003,ACT,Cadmium & compounds,5.065,1.9030000029802323,0.003,5
2002/2003,ACT,Lead & compounds,67.2527,5.676,0.01,4
2002/2003,ACT,Mercury & compounds,12.907,0.1000000014901161,0.0,4
2002/2003,NSW,Cadmium & compounds,1323.6733125,851.6100328,243.32457,148
2002/2003,NSW,Lead & compounds,38191.9842548,3627.411015,6723.079,193
2002/2003,NSW,Mercury & compounds,1605.8574269,12.240671760000001,39.232479999999995,157
2002/2003,NT,Cadmium & compounds,136.97870096713186,28.170101251787855,0.7138544459120019,26
2002/2003,NT,Lead & compounds,14553.433721696143,26.56003514677286,10.195849056682922,31
2002/2003,NT,Mercury & compounds,29.860933632652248,0.6808120721912927,0.038560692698863516,24
2002/2003,QLD,Cadmium & compounds,7830.3728000176,100.7656,500.9182,249
2002/2003,QLD,Lead & compounds,402550.556800008,910.891,40610.3079,267
2002/2003,QLD,Mercury & compounds,2504.9826293041997,17.1477,4.0662848,242
2002/2003,SA,Cadmium & compounds,3381.5186968654148,528.8500007658452,0.9604999997420233,81
2002/2003,SA,Lead & compounds,55008.01487485127,4381.129999241531,1.0519999981774013,87
2002/2003,SA,Mercury & compounds,790.2494288723246,42.16000002317131,0.056999999951570804,77
2002/2003,TAS,Cadmium & compounds,80.67811560122169,926.8336703239474,1.0209084516245635,48
2002/2003,TAS,Lead & compounds,3645.9055123418902,5138.810599973425,279.00201561301947,50
2002/2003,TAS,Mercury & compounds,434.7049520920947,43.74807137010067,0.009500291031144715,46
2002/2003,VIC,Cadmium & compounds,424.6598,243.98,112.8115361,200
2002/2003,VIC,Lead & compounds,6472.8013,641.9,2754.852013,217
2002/2003,VIC,Mercury & compounds,217.38836,57.934000000000005,10.120355721,204
2002/2003,WA,Cadmium & compounds,1194.769643766603,220.77849893534926,792.67292619151,153
2002/2003,WA,Lead & compounds,70166.73610731059,1516.4195603400528,1485.425176190027,179
2002/2003,WA,Mercury & compounds,2371.0304934578426,47.75779692778678,25.738543265781058,146
2003/2004,ACT,Cadmium & compounds,27.275999992683527,1.0,0.0,7
2003/2004,ACT,Lead & compounds,112.67496980914743,0.4070000059604645,0.009,8
2003/2004,ACT,Mercury & compounds,1.4280600544574114,2.200000047683716,0.0,7
2003/2004,NSW,Cadmium & compounds,777.0892718,522.8015129,5.055700000000001,161
2003/2004,NSW,Lead & compounds,21896.95367735,3489.4394355,50.838,194
2003/2004,NSW,Mercury & compounds,1737.10680235,3.3956218,0.2595,159
2003/2004,NT,Cadmium & compounds,71.29046045485616,37.33599999865889,3.4143795779696906,33
2003/2004,NT,Lead & compounds,3014.6049425770057,66.61,51.93152377562542,32
2003/2004,NT,Mercury & compounds,27.25650955929641,1.0230819986588953,0.9264045744556815,30
2003/2004,QLD,Cadmium & compounds,6810.1725,154.853904,329.6512246,274
2003/2004,QLD,Lead & compounds,279309.1421,4104.0442,655.3138246,294
2003/2004,QLD,Mercury & compounds,1586.4329073,55.46229999999999,6.6797518,246
2003/2004,SA,Cadmium & compounds,3272.520391060296,733.071700591594,0.047282821615226095,78
2003/2004,SA,Lead & compounds,50675.8539666878,5842.637210004032,136.13529617999166,84
2003/2004,SA,Mercury & compounds,146.27313031290936,29.180006622053497,0.018464809612907772,79
2003/2004,TAS,Cadmium & compounds,97.69445179875196,1282.7526866541011,0.2235186581965533,46
2003/2004,TAS,Lead & compounds,2506.555732780695,14577.944893624634,1.140933987684548,50
2003/2004,TAS,Mercury & compounds,166.45540849873404,44.280072232046216,0.0108593708791882,45
2003/2004,VIC,Cadmium & compounds,313.40076,229.266,124.00709660679,202
2003/2004,VIC,Lead & compounds,4277.1975999999995,557.99,1685.4340880306,218
2003/2004,VIC,Mercury & compounds,163.6619047,50.158,44.128980000291,208
2003/2004,WA,Cadmium & compounds,1760.6277293314254,265.09683562368156,1237.455838337639,166
2003/2004,WA,Lead & compounds,44415.93229152164,2408.6501694738645,1528.4363132776691,204
2003/2004,WA,Mercury & compounds,2575.856533650869,33.21163167460821,595.878793456173,165
2004/2005,ACT,Cadmium & compounds,4.813739997294545,1.6000000029802321,0.002,6
2004/2005,ACT,Lead & compounds,46.42128974856064,6.09,0.0104,6
2004/2005,ACT,Mercury & compounds,5.814589994961247,0.2000000029802322,0.0,7
2004/2005,NSW,Cadmium & compounds,565.7131358,3.1870963000000003,0.6718,168
2004/2005,NSW,Lead & compounds,18222.18847699,277.3526475,69.305,206
2004/2005,NSW,Mercury & compounds,1848.02431142,0.47465,0.1326,166
2004/2005,NT,Cadmium & compounds,155.31575027345917,29.06469999998808,4.485312284018757,24
2004/2005,NT,Lead & compounds,19129.06174079328,49.019999980926514,146.6967146432082,24
2004/2005,NT,Mercury & compounds,191.85441144725604,0.763799999654293,3.3902576975189502,21
2004/2005,QLD,Cadmium & compounds,8512.6088,80.2803,236.5640095,282
2004/2005,QLD,Lead & compounds,370705.4646,356.7792,610.2999095,302
2004/2005,QLD,Mercury & compounds,1977.3896558000001,4.619258599999999,3.35086868,252
2004/2005,SA,Cadmium & compounds,3446.342482043812,741.5900013726205,1.808420691665448,74
2004/2005,SA,Lead & compounds,52032.31344319809,6272.869999848008,389.8380175918887,78
2004/2005,SA,Mercury & compounds,167.4108715779617,37.59999989286065,0.026258840739949635,78
2004/2005,TAS,Cadmium & compounds,106.54068222672906,1082.0536083963234,0.2081665033474562,40
2004/2005,TAS,Lead & compounds,2725.382805311463,12476.48698118478,58.47135079838336,46
2004/2005,TAS,Mercury & compounds,254.69437696262062,49.940215938011534,0.0101871349907012,41
2004/2005,VIC,Cadmium & compounds,363.0992599,212.39600000000002,63.375684,213
2004/2005,VIC,Lead & compounds,3935.7258266,572.069,946.390615,229
2004/2005,VIC,Mercury & compounds,181.8544684,45.30483,19.62797006,218
2004/2005,WA,Cadmium & compounds,1091.9740728280037,506.8512580636777,1430.1671872594516,152
2004/2005,WA,Lead & compounds,26805.05956647757,5923.92711748898,13875.638222891635,185
2004/2005,WA,Mercury & compounds,10348.383172411508,28.400262604577467,14.655253708468683,152
2005/2006,ACT,Cadmium & compounds,5.70100024870038,0.2,0.0,6
2005/2006,ACT,Lead & compounds,35.611700152684,0.6,0.0,6
2005/2006,ACT,Mercury & compounds,2.465399944057316,0.3,0.0,7
2005/2006,NSW,Cadmium & compounds,517.2075942,3.9307730000000003,3.8220000000000005,180
2005/2006,NSW,Lead & compounds,13973.68554888,357.190357,91.60849999999999,218
2005/2006,NSW,Mercury & compounds,1666.374929602,90.76091799999999,0.174,173
2005/2006,NT,Cadmium & compounds,383.5855963977381,29.08329999819398,1.604474442741029,29
2005/2006,NT,Lead & compounds,59935.54429756146,28.612000107765198,11.021037806588568,31
2005/2006,NT,Mercury & compounds,169.91200846556418,0.9959999968111514,500.04274478213114,24
2005/2006,QLD,Cadmium & compounds,7064.7644,177.0283,236.637436428,299
2005/2006,QLD,Lead & compounds,455210.1667,792.5202,965.7001369,313
2005/2006,QLD,Mercury & compounds,1710.843635646,34.544999999999995,77.422404728,272
2005/2006,SA,Cadmium & compounds,3369.6550000928,690.0935,0.8916700000000001,80
2005/2006,SA,Lead & compounds,57533.4857100403,4580.744,593.35987,83
2005/2006,SA,Mercury & compounds,221.90715302233016,28.874000022888183,9.11347999996908,81
2005/2006,TAS,Cadmium & compounds,157.04684721120532,1426.9300108924508,0.2145509547553954,44
2005/2006,TAS,Lead & compounds,3851.938062512564,13023.435651302338,16.865478931460526,48
2005/2006,TAS,Mercury & compounds,186.22832926008675,27.382154043982155,0.009195041333441328,46
2005/2006,VIC,Cadmium & compounds,367.5871657,202.087,120.19106905000001,202
2005/2006,VIC,Lead & compounds,5091.8844725,519.312,1509.862449,220
2005/2006,VIC,Mercury & compounds,222.63637690000002,47.047200000000004,16.79391809,208
2005/2006,WA,Cadmium & compounds,972.3663258909318,538.095213643085,203.051049637076,177
2005/2006,WA,Lead & compounds,47815.395138518616,4757.085394276898,12127.219574009563,201
2005/2006,WA,Mercury & compounds,10024.729767105911,15.437358783960866,83.42610359753175,169
2006/2007,ACT,Cadmium & compounds,5.564000038430095,0.2,0.0,5
2006/2007,ACT,Lead & compounds,49.24549834057688,0.7,0.0,5
2006/2007,ACT,Mercury & compounds,5.25690005836077,0.3,0.0,6
2006/2007,NSW,Cadmium & compounds,676.3534452,6.31014,6.2143,187
2006/2007,NSW,Lead & compounds,15361.4788947,637.2575,31.9721,219
2006/2007,NSW,Mercury & compounds,1362.0465938,61.679190000000006,0.2424,180
2006/2007,NT,Cadmium & compounds,751.7878253081182,38.32893425491266,2.0131886370606313,26
2006/2007,NT,Lead & compounds,71555.73921073505,35.2484813550663,32.23961714436637,27
2006/2007,NT,Mercury & compounds,517.4205034961468,2.320521107809618,0.4439545871161844,22
2006/2007,QLD,Cadmium & compounds,6665.1559,56.752621500000004,260.16549960000003,310
2006/2007,QLD,Lead & compounds,367026.7477,291.697042,747.3031996,320
2006/2007,QLD,Mercury & compounds,1933.585179446,4.0926528,5.070409,273
2006/2007,SA,Cadmium & compounds,3402.822030093,636.61,0.22721339,77
2006/2007,SA,Lead & compounds,62750.0218410412,4979.3,51.572513830000005,79
2006/2007,SA,Mercury & compounds,173.16160101206327,27.1,0.051071689,79
2006/2007,TAS,Cadmium & compounds,220.56446427054527,923.7940085828304,0.3678642330899531,42
2006/2007,TAS,Lead & compounds,4228.12372512219,11527.897509562968,104.93397352408988,46
2006/2007,TAS,Mercury & compounds,138.12421670574386,20.98215799331956,2.0941330835058993,43
2006/2007,VIC,Cadmium & compounds,383.0908,202.09,81.0159573,204
2006/2007,VIC,Lead & compounds,6400.19321,461.482,977.4186940000001,223
2006/2007,VIC,Mercury & compounds,220.1060943,39.8298,19.29929044,212
2006/2007,WA,Cadmium & compounds,1952.0523917543,978.1230725904455,115.70767511479754,178
2006/2007,WA,Lead & compounds,31644.001371135,6933.5901344472395,9754.472648907058,214
2006/2007,WA,Mercury & compounds,8840.6687616032,18.516385710063958,102.52049754086039,176
2007/2008,ACT,Cadmium & compounds,2.2434953971000002,0.2,0.0,6
2007/2008,ACT,Lead & compounds,18.994191188600002,0.6,0.0,6
2007/2008,ACT,Mercury & compounds,4.99460689629,0.3,0.0,7
2007/2008,NSW,Cadmium & compounds,706.267915544446,8.19727,2.3171995,177
2007/2008,NSW,Lead & compounds,12420.035697480636,784.47557,318.11014,212
2007/2008,NSW,Mercury & compounds,1271.960637682551,103.746697,18.468719,208
2007/2008,NT,Cadmium & compounds,602.4727459220001,36.564440000000005,4.706764435,36
2007/2008,NT,Lead & compounds,95686.74555165198,60.720839999999995,186.664207279,40
2007/2008,NT,Mercury & compounds,142.30084342279997,1.582011,0.602294438,35
2007/2008,QLD,Cadmium & compounds,15597.632659641,43.242682,158.38396486599999,308
2007/2008,QLD,Lead & compounds,372414.93766024703,286.8508,331.454440596,323
2007/2008,QLD,Mercury & compounds,1784.4979525556598,126.65138400000001,3.7104360440999997,312
2007/2008,SA,Cadmium & compounds,3435.3130792287,414.61,0.23951675,84
2007/2008,SA,Lead & compounds,64356.14359618983,2942.02,67.78599375,89
2007/2008,SA,Mercury & compounds,311.01227029367965,20.18,1.3092265,96
2007/2008,TAS,Cadmium & compounds,136.89840314392688,1021.9260999999999,0.9009989110000001,51
2007/2008,TAS,Lead & compounds,3140.766406435314,7644.645068899999,130.529445102,58
2007/2008,TAS,Mercury & compounds,75.0611214220769,31.9304565,2.1084677082,52
2007/2008,VIC,Cadmium & compounds,343.6317301889013,218.1380063,72.01828351633334,201
2007/2008,VIC,Lead & compounds,5351.964839470477,390.30555,1149.641983902,224
2007/2008,VIC,Mercury & compounds,179.99519567729823,42.041430129,17.547569241719998,214
2007/2008,WA,Cadmium & compounds,2258.755584978758,620.5620154529412,192.19504178204693,192
2007/2008,WA,Lead & compounds,34402.22868718898,7192.0344200147065,1850.4973733628,218
2007/2008,WA,Mercury & compounds,8202.715860981853,40.745408835294114,60.2046808856,208
2008/2009,ACT,Cadmium & compounds,3.6922693391,0.1,0.0,8
2008/2009,ACT,Lead & compounds,22.5963250276,0.3,0.0,8
2008/2009,ACT,Mercury & compounds,3.15112454209,0.1,0.0,9
2008/2009,NSW,Cadmium & compounds,385.226106439247,9.5572300518,2.8059895289,189
2008/2009,NSW,Lead & compounds,11330.821656471639,315.87814653,79.24680239599999,225
2008/2009,NSW,Mercury & compounds,628.672666808911,94.188006229,5.212420860000001,218
2008/2009,NT,Cadmium & compounds,602.4567835732,32.246152,1.374811706,34
2008/2009,NT,Lead & compounds,8108.424222701199,36.0678742,9.349947008000001,39
2008/2009,NT,Mercury & compounds,541.2570655208799,1.312112,0.32294206000000003,36
2008/2009,QLD,Cadmium & compounds,12880.969158748996,630.42124477,77.7360423902,308
2008/2009,QLD,Lead & compounds,293930.65273379773,925.990411774,206.04082333620002,326
2008/2009,QLD,Mercury & compounds,1197.5651219294014,9.506570205,1.80697570973,312
2008/2009,SA,Cadmium & compounds,618.102212850025,413.141,2.260928738,93
2008/2009,SA,Lead & compounds,49241.61898501756,3641.3570000000004,15079.598985745,103
2008/2009,SA,Mercury & compounds,310.1631567524535,20.9295,34.073687781,106
2008/2009,TAS,Cadmium & compounds,77.874568713,1118.39,0.284786384,46
2008/2009,TAS,Lead & compounds,43368.693671127,3823.937,760.4835387280001,53
2008/2009,TAS,Mercury & compounds,35.8924969686,71.990075057,0.08857913120000001,51
2008/2009,VIC,Cadmium & compounds,332.2256637718,207.2653,1.618445449673,195
2008/2009,VIC,Lead & compounds,4395.343366771825,320.884935714,7.3197396655735,219
2008/2009,VIC,Mercury & compounds,167.5996360520228,47.869982593,1.2786637865786998,210
2008/2009,WA,Cadmium & compounds,2037.1361415018025,502.074213033,86.998205539748,198
2008/2009,WA,Lead & compounds,30741.56470036444,4758.8307672870005,782.455025443,227
2008/2009,WA,Mercury & compounds,9491.872833025915,36.770291779,36.9845627346712,219
2009/2010,ACT,Cadmium & compounds,1.9371896490450002,0.1,0.0,10
2009/2010,ACT,Lead & compounds,6.468603788495,0.2,0.0,12
2009/2010,ACT,Mercury & compounds,3.6907313372955,0.1,0.0,10
2009/2010,NSW,Cadmium & compounds,1074.573204993232,3.0205300518000002,3.8477557085,185
2009/2010,NSW,Lead & compounds,10172.036723582321,33.0722082465,142.246748834,229
2009/2010,NSW,Mercury & compounds,647.6479913534124,25.398830828999998,0.5192952421,213
2009/2010,NT,Cadmium & compounds,587.81976842,26.12420652,0.8984692625605599,27
2009/2010,NT,Lead & compounds,10724.822654519,62.018907,7.58222118702252,34
2009/2010,NT,Mercury & compounds,281.21167406219575,0.86440652,0.7471631812954524,30
2009/2010,QLD,Cadmium & compounds,16293.807447655698,122.7378325818376,37.91601149101244,282
2009/2010,QLD,Lead & compounds,179962.89609441775,181.79651058375998,148.46347285255595,301
2009/2010,QLD,Mercury & compounds,944.6964737107213,4.90442385117216,0.613282302546246,303
2009/2010,SA,Cadmium & compounds,561.3459324245999,356.6137,0.3029533916981132,93
2009/2010,SA,Lead & compounds,46684.59847603806,3703.3086,60.45388749264151,100
2009/2010,SA,Mercury & compounds,151.56459544300142,16.727899999999998,0.07146941007277628,107
2009/2010,TAS,Cadmium & compounds,67.237337588,1121.0,0.4939287428708312,50
2009/2010,TAS,Lead & compounds,10542.192651178475,1833.77834844,10.373364741418742,56
2009/2010,TAS,Mercury & compounds,55.88586752231281,24.9508,0.02538926910174153,53
2009/2010,VIC,Cadmium & compounds,352.6552582217175,219.9563,3.5131231336046995,190
2009/2010,VIC,Lead & compounds,4367.28400958128,679.8405,17.004055196221145,213
2009/2010,VIC,Mercury & compounds,162.5273637595962,42.612460000000006,1.248134890440201,203
2009/2010,WA,Cadmium & compounds,1626.01424119366,434.45200023999996,106.49115874433261,203
2009/2010,WA,Lead & compounds,24313.87530397616,9235.2713608,1092.6092454930704,228
2009/2010,WA,Mercury & compounds,7271.503225361892,33.634610693,62.266434620401654,225
2010/2011,ACT,Cadmium & compounds,4.042799360239,0.1,0.0,9
2010/2011,ACT,Lead & compounds,11.635123219574,0.3,0.0,10
2010/2011,ACT,Mercury & compounds,6.215085983316101,0.1,0.0,11
2010/2011,NSW,Cadmium & compounds,793.522808018659,34.7843225386,8.5621757939872,203
2010/2011,NSW,Lead & compounds,25362.844906950093,145.949007188,207.2248375031424,255
2010/2011,NSW,Mercury & compounds,744.8033204736721,35.7374623276,2.69303781665088,235
2010/2011,NT,Cadmium & compounds,242.419556356,10.1396141,0.961321038,30
2010/2011,NT,Lead & compounds,5174.17210258429,400.91420636,7.257816367999999,34
2010/2011,NT,Mercury & compounds,297.5267467341279,1.1313924,0.6038006760000001,34
2010/2011,QLD,Cadmium & compounds,11747.837043014657,296.304776189,53.69539848075288,276
2010/2011,QLD,Lead & compounds,221419.57098673965,206.96357648,219.20375989688793,300
2010/2011,QLD,Mercury & compounds,811.930362499933,8.67382935,1.2431758619465505,303
2010/2011,SA,Cadmium & compounds,1502.4324145587916,362.7545,12.34170137781132,88
2010/2011,SA,Lead & compounds,51699.40563772789,3447.8372,67.77019387515094,97
2010/2011,SA,Mercury & compounds,271.4402448604525,14.782499999999999,2.136898235477628,108
2010/2011,TAS,Cadmium & compounds,147.3233054697,3352.2190000000005,0.3875879321153638,53
2010/2011,TAS,Lead & compounds,8451.660264819651,70656.44827461,9.005780935519137,58
2010/2011,TAS,Mercury & compounds,38.558677498846144,19.8303947,0.024026075475801136,59
2010/2011,VIC,Cadmium & compounds,310.74749317727,219.482,1.3984967994028166,194
2010/2011,VIC,Lead & compounds,4920.20323495684,1106.531,11.178445794812676,211
2010/2011,VIC,Mercury & compounds,175.8679414818598,22.950499999999998,0.5751081698458346,221
2010/2011,WA,Cadmium & compounds,1783.3881172588672,592.4665259,144.5957290550256,205
2010/2011,WA,Lead & compounds,29746.21178116112,6077.526471,1026.2738317063652,227
2010/2011,WA,Mercury & compounds,7264.26090815904,28.760948499999998,94.57387807777967,226
2011/2012,ACT,Cadmium & compounds,2.2805342617795,0.06,0.0033929900660377,10
2011/2012,ACT,Lead & compounds,32.093322555849,1.6,0.0152684552971698,11
2011/2012,ACT,Mercury & compounds,7.411064787587294,0.2,0.000145413859973,13
2011/2012,NSW,Cadmium & compounds,704.6737425449877,4.174794965,9.466854477059186,213
2011/2012,NSW,Lead & compounds,43388.83274263799,210.77363063925,207.03575532476634,261
2011/2012,NSW,Mercury & compounds,564.3511825472096,24.7487415845875,2.6797295523931024,251
2011/2012,NT,Cadmium & compounds,315.50174619,5.1344495,2.0794419462603773,28
2011/2012,NT,Lead & compounds,22709.594245841003,341.5436929,19.003676969471698,35
2011/2012,NT,Mercury & compounds,289.8031274606022,0.87086073,1.2759141129711589,31
2011/2012,QLD,Cadmium & compounds,11459.010329738412,25.1881500534,33.53783578359969,253
2011/2012,QLD,Lead & compounds,152684.71295077508,128.86607554,102.28397740794303,286
2011/2012,QLD,Mercury & compounds,679.0495510523621,62.48993665229167,0.7461296507999896,315
2011/2012,SA,Cadmium & compounds,7118.386383451696,812.5863,20.383793983801887,80
2011/2012,SA,Lead & compounds,68479.2027040761,6433.7558,115.37165756535849,89
2011/2012,SA,Mercury & compounds,295.11337568619206,12.0084,3.215489443490795,105
2011/2012,TAS,Cadmium & compounds,149.951382310202,3372.6020000000003,0.2783681793342317,47
2011/2012,TAS,Lead & compounds,14046.930547499343,2559.73441,9.440678807504044,51
2011/2012,TAS,Mercury & compounds,26.54454486395956,17.5695947,0.020296066271466975,51
2011/2012,VIC,Cadmium & compounds,340.550970362565,204.4364,3.1215661878916614,190
2011/2012,VIC,Lead & compounds,3777.320338212565,866.007,14.125608092510587,211
2011/2012,VIC,Mercury & compounds,1628.8869605287616,22.326003,0.7688369861513489,227
2011/2012,WA,Cadmium & compounds,2099.6700340956454,625.69793957,136.10022768743525,253
2011/2012,WA,Lead & compounds,23786.190955074188,3840.41906315,1143.1570347989586,280
2011/2012,WA,Mercury & compounds,6170.0079613836215,41.2096616798,68.14199432714132,271
2012/2013,ACT,Cadmium & compounds,6.816634073433,0.2,0.003626057,10
2012/2013,ACT,Lead & compounds,53.483940653678005,1.3,0.016317256,11
2012/2013,ACT,Mercury & compounds,3.9093054390367,0.1,0.000155402,13
2012/2013,NSW,Cadmium & compounds,772.7382779791938,10.692252081,5.4638178535058435,201
2012/2013,NSW,Lead & compounds,39540.57006701831,474.636690732,213.3567071917763,241
2012/2013,NSW,Mercury & compounds,493.2825608110047,23.55579715516,3.3068396103573927,242
2012/2013,NT,Cadmium & compounds,471.525365616,4.9856537,1.7190454985511723,33
2012/2013,NT,Lead & compounds,11394.767996019726,141.7999222,15.187626229480276,38
2012/2013,NT,Mercury & compounds,349.0434304997927,1.32489935,0.8505226274807645,36
2012/2013,QLD,Cadmium & compounds,13275.93798462248,126.58444055416666,7.306335536600337,255
2012/2013,QLD,Lead & compounds,155664.65791203082,153.17983171583333,112.33947246140153,287
2012/2013,QLD,Mercury & compounds,729.9001532814833,10.329059129,0.574397526608585,315
2012/2013,SA,Cadmium & compounds,5384.503264512381,991.9913,22.274791503132075,85
2012/2013,SA,Lead & compounds,65834.90144654673,5134.5127,80.41147427209434,96
2012/2013,SA,Mercury & compounds,240.67596910179583,9.6045,3.541921722619946,104
2012/2013,TAS,Cadmium & compounds,149.39999068950002,444.492221,0.7975796054056601,42
2012/2013,TAS,Lead & compounds,6496.870931577099,2946.67677,2.9666754248254716,50
2012/2013,TAS,Mercury & compounds,28.09999024016898,41.65813,0.011396510817385396,54
2012/2013,VIC,Cadmium & compounds,2025.22080207726,181.40800000000002,2.4097704646159968,191
2012/2013,VIC,Lead & compounds,7217.982046153134,766.359,11.183743591270094,219
2012/2013,VIC,Mercury & compounds,1523.2222284849422,24.919,0.5504444623263812,227
2012/2013,WA,Cadmium & compounds,1833.76298979037,841.166039802,127.62513314144628,275
2012/2013,WA,Lead & compounds,27433.080063459936,4487.992580367,5508.130933422607,309
2012/2013,WA,Mercury & compounds,6401.124280937571,19.84305726,81.66745427163342,303
2013/2014,ACT,Cadmium & compounds,4.560511261595,0.3,0.003467749,10
2013/2014,ACT,Lead & compounds,45.224480630545,3.8,0.01560487,11
2013/2014,ACT,Mercury & compounds,5.2267382086405005,0.2,0.000148618,13
2013/2014,NSW,Cadmium & compounds,975.3544634407152,4.0289205984,6.705600108886797,201
2013/2014,NSW,Lead & compounds,43101.52732734405,111.787333992,130.6653699909906,241
2013/2014,NSW,Mercury & compounds,660.2313194679306,40.930831787289996,1.1173765900951482,253
2013/2014,NT,Cadmium & compounds,520.06857545,8.09268732,1.2724521955904762,31
2013/2014,NT,Lead & compounds,12447.785534483779,108.862948037,11.610131992857143,36
2013/2014,NT,Mercury & compounds,202.4887584529841,1.10480553,0.419924837265306,34
2013/2014,QLD,Cadmium & compounds,4241.906324048574,40.887977868,10.033419413618356,255
2013/2014,QLD,Lead & compounds,141392.71785197206,71.9804976,119.1049737343526,289
2013/2014,QLD,Mercury & compounds,2263.0404499166025,5.917122673,1.281778223695643,327
2013/2014,SA,Cadmium & compounds,6995.036562308068,954.59,20.230316855716982,82
2013/2014,SA,Lead & compounds,67426.16709550036,6850.745,34.565901732226415,93
2013/2014,SA,Mercury & compounds,236.78452145677628,8.35,4.352747253059299,103
2013/2014,TAS,Cadmium & compounds,134.9692066143838,669.476867,0.723653072588679,37
2013/2014,TAS,Lead & compounds,2174.9851771960225,3808.3468,3.8132328746490565,43
2013/2014,TAS,Mercury & compounds,31.99703135775188,57.4084872,0.008073336939514751,49
2013/2014,VIC,Cadmium & compounds,299.294141433045,167.6645,3.3264784939356145,196
2013/2014,VIC,Lead & compounds,12267.594156230094,584.23,15.714934272210265,225
2013/2014,VIC,Mercury & compounds,1702.406209337087,22.07791,1.4129766594400972,240
2013/2014,WA,Cadmium & compounds,1734.3272356842517,623.4382728,221.5547957142174,271
2013/2014,WA,Lead & compounds,31199.147407717366,5715.6030186,1124.193911341895,298
2013/2014,WA,Mercury & compounds,5298.921030235136,25.076896026,3.564162695503761,303
2014/2015,ACT,Cadmium & compounds,4.137391427425196,0.3,0.004892631,10
2014/2015,ACT,Lead & compounds,33.72550505872383,7.2,0.02201684,11
2014/2015,ACT,Mercury & compounds,4.011831123672168,0.02,0.000209684,13
2014/2015,NSW,Cadmium & compounds,735.1309316440575,5.1285328970999995,4.191281338018868,201
2014/2015,NSW,Lead & compounds,39390.34044714076,193.392529007,73139.66812549609,243
2014/2015,NSW,Mercury & compounds,674.6415846424748,28.7983573418,25.501361223257952,253
2014/2015,NT,Cadmium & compounds,394.2806679723,2.801761634,0.9547807250566037,33
2014/2015,NT,Lead & compounds,59071.51347941034,94.400169316,10.097111764754716,36
2014/2015,NT,Mercury & compounds,17.13769631156697,0.539913,0.4039027934167115,36
2014/2015,QLD,Cadmium & compounds,1929.208372478884,262.15754085000003,87.84659146608469,258
2014/2015,QLD,Lead & compounds,86168.35552840792,258.9826055,204.39051990738113,292
2014/2015,QLD,Mercury & compounds,1966.2376428958967,172.85684695,0.8341240417179148,321
2014/2015,SA,Cadmium & compounds,7887.650799762124,867.9392,30.256308074310404,83
2014/2015,SA,Lead & compounds,67682.78751432628,6987.0853,53.74653704439681,93
2014/2015,SA,Mercury & compounds,282.35245685373894,6.228800000000001,3.8838233888990175,104
2014/2015,TAS,Cadmium & compounds,144.0364164962256,1459.8482000000001,0.6710068156226413,36
2014/2015,TAS,Lead & compounds,1905.271084703506,886.4634,5.095935547301886,37
2014/2015,TAS,Mercury & compounds,40.283402924329486,38.2056514,0.001336578126684549,47
2014/2015,VIC,Cadmium & compounds,299.02698341750283,40.47436,4.147104227100816,201
2014/2015,VIC,Lead & compounds,2745.3168457349434,622.2853,19.256373518095188,225
2014/2015,VIC,Mercury & compounds,1293.5043091306438,21.186235,1.5718233258770964,247
2014/2015,WA,Cadmium & compounds,1857.0588129297576,586.8907232953968,57.847221763070095,264
2014/2015,WA,Lead & compounds,27805.371514521627,3199.649727356968,859.8734848546479,287
2014/2015,WA,Mercury & compounds,5922.104619261763,13.12556059718842,3.8418420878141593,298
2015/2016,ACT,Cadmium & compounds,2.2319916006508356,0.1,0.005482638,11
2015/2016,ACT,Lead & compounds,22.12330128830278,1.0,0.024671872,12
2015/2016,ACT,Mercury & compounds,3.230657747628239,0.02,0.00023497,12
2015/2016,NSW,Cadmium & compounds,612.3223989102976,3.2297079099,3.334528711756813,221
2015/2016,NSW,Lead & compounds,38690.224434103795,105.135487754,57591.1391611779,270
2015/2016,NSW,Mercury & compounds,651.2288276764327,32.440493302296,8.650065153589578,267
2015/2016,NT,Cadmium & compounds,133.64213357646972,1.053728329,1.2422164066208323,60
2015/2016,NT,Lead & compounds,22110.15137930943,81.34564359299999,11.472616571793745,65
2015/2016,NT,Mercury & compounds,5.714503451497676,0.474173848,0.43099784125517826,66
2015/2016,QLD,Cadmium & compounds,2812.218926363362,803.708978217,67.70217116049831,279
2015/2016,QLD,Lead & compounds,64858.58494194651,77.095995239,169.68693334374237,316
2015/2016,QLD,Mercury & compounds,2274.3465242962297,8.803444,1.1058841216070694,337
2015/2016,SA,Cadmium & compounds,1303.8076812627796,353.0603,72.21548722863807,88
2015/2016,SA,Lead & compounds,54074.886009837355,9427.146299999999,30.818967533871295,96
2015/2016,SA,Mercury & compounds,287.62653269789917,9.5574,3.4186465420844883,108
2015/2016,TAS,Cadmium & compounds,148.78004273071875,1749.8901759,0.622733829490566,32
2015/2016,TAS,Lead & compounds,1875.8446727166001,2488.81718,3.2747355837075474,33
2015/2016,TAS,Mercury & compounds,27.10366467141438,37.4780505,0.009940965578167,43
2015/2016,VIC,Cadmium & compounds,303.9450272581725,41.7790738,4.759802389189218,211
2015/2016,VIC,Lead & compounds,2692.568126795093,748.25,25.017163900851486,235
2015/2016,VIC,Mercury & compounds,1568.822946361234,25.8480164,1.6884045364523135,241
2015/2016,WA,Cadmium & compounds,2380.6384872859016,347.72757570933,82.48479294979195,273
2015/2016,WA,Lead & compounds,27582.790187294846,5898.42469712946,839.8399830573486,295
2015/2016,WA,Mercury & compounds,3826.9013904122644,13.119297272445129,6.799301611069906,314
2016/2017,ACT,Cadmium & compounds,1.8975640989135736,0.2,0.006273927,10
2016/2017,ACT,Lead & compounds,12.732432970143554,4.0,0.028232674,12
2016/2017,ACT,Mercury & compounds,2.382006717419425,0.3,0.000268883,11
2016/2017,NSW,Cadmium & compounds,640.0150164946358,2.57633059,3.184010744166038,219
2016/2017,NSW,Lead & compounds,37376.29514186095,59.269607015,67965.01584861055,284
2016/2017,NSW,Mercury & compounds,485.53601706974035,18.50871773084,6.684618136767115,261
2016/2017,NT,Cadmium & compounds,89.95804540200001,10.322253375923701,2.1710412136736954,54
2016/2017,NT,Lead & compounds,17562.966291211396,148.4944304049047,22.16811416153163,58
2016/2017,NT,Mercury & compounds,8.648366336340223,1.3689339138856,1.4531297183003011,57
2016/2017,QLD,Cadmium & compounds,2412.0253231488755,863.24636124,51.455107468601845,276
2016/2017,QLD,Lead & compounds,70788.50186552502,133.1959169,124.2073705177083,319
2016/2017,QLD,Mercury & compounds,1299.5412917701449,35.015511165,0.995944055497221,344
2016/2017,SA,Cadmium & compounds,1976.490382471795,999.3019,96.69510547113207,89
2016/2017,SA,Lead & compounds,56713.34844819876,9984.369131,29.35019704309434,115
2016/2017,SA,Mercury & compounds,668.1265972520175,6.6137058,2.9277065987628035,110
2016/2017,TAS,Cadmium & compounds,142.6777366791211,1740.449863,1.7687379232867924,40
2016/2017,TAS,Lead & compounds,1944.6380944035234,2537.4302,9.961107155290566,43
2016/2017,TAS,Mercury & compounds,27.550151451740064,41.245217,0.03746423409371964,48
2016/2017,VIC,Cadmium & compounds,479.56946645338354,36.7204179,4.080456923789991,203
2016/2017,VIC,Lead & compounds,2955.8457481994765,976.6261790000001,19.820034654554966,240
2016/2017,VIC,Mercury & compounds,2141.0588770621625,21.915017900000002,1.2767271567975242,246
2016/2017,WA,Cadmium & compounds,1431.3594690684063,294.29766859837946,109.41731735599534,279
2016/2017,WA,Lead & compounds,22121.425601654715,4874.400225230972,993.3835538796856,307
2016/2017,WA,Mercury & compounds,3111.321324725136,17.69406768642143,8.321172461614736,320
2017/2018,ACT,Cadmium & compounds,2.3976250741930962,0.0,0.007093845,10
2017/2018,ACT,Lead & compounds,22.89071581712839,307.4,0.031922304,12
2017/2018,ACT,Mercury & compounds,3.6719578985495414,153.7,0.000304022,13
2017/2018,NSW,Cadmium & compounds,942.911963716343,3.344486292,3.8655641433452828,231
2017/2018,NSW,Lead & compounds,43106.395857851654,19.750990083,74882.78707377306,315
2017/2018,NSW,Mercury & compounds,415.61820663348715,17.154859015524,6.2219078968862265,285
2017/2018,NT,Cadmium & compounds,93.47920037000002,8.213881555,4.251226003099223,54
2017/2018,NT,Lead & compounds,18410.3549690618,118.766514618,42.983706160946504,59
2017/2018,NT,Mercury & compounds,24.037038131779617,1.872090639,1.4045082906756812,57
2017/2018,QLD,Cadmium & compounds,1405.6651326002802,333.90648492,20.94494825035408,281
2017/2018,QLD,Lead & compounds,63473.57366992132,92.501857,97.68503461909336,330
2017/2018,QLD,Mercury & compounds,1521.339296910074,30.99441213,1.4363066847911847,345
2017/2018,SA,Cadmium & compounds,1944.935827078351,973.2684935999999,110.00037321745283,92
2017/2018,SA,Lead & compounds,65347.46556804068,14403.435936,37.37144939353774,122
2017/2018,SA,Mercury & compounds,939.1800149712689,5.7407998000000005,3.6734796338908353,110
2017/2018,TAS,Cadmium & compounds,145.08046583815968,1407.6539741,0.8344076481150942,38
2017/2018,TAS,Lead & compounds,1765.6548725148189,951.5587744,96.35668427421793,41
2017/2018,TAS,Mercury & compounds,58.60946648102624,10.0886315,0.012301774602075415,49
2017/2018,VIC,Cadmium & compounds,512.6574205913382,55.0403481,4.225370501534591,213
2017/2018,VIC,Lead & compounds,3298.781501987377,728.788581,20.52377226090566,245
2017/2018,VIC,Mercury & compounds,1182.9778024407915,21.2502481,1.373861164437196,257
2017/2018,WA,Cadmium & compounds,1352.965971020961,221.60910610647917,69.17462695453445,288
2017/2018,WA,Lead & compounds,23663.40237073255,5249.5580832404585,1013.5148628795667,320
2017/2018,WA,Mercury & compounds,3038.236695382139,12.2444872057,66.9408796839858,325
2018/2019,ACT,Cadmium & compounds,0.7917015705061329,0.0,0.006925189,10
2018/2019,ACT,Lead & compounds,3.970812934202059,0.9,0.031163352,12
2018/2019,ACT,Mercury & compounds,1.5761899204753713,0.2,0.000296794,14
2018/2019,NSW,Cadmium & compounds,773.0604984699468,1.081650887,4.15902351,224
2018/2019,NSW,Lead & compounds,48279.96882088053,33.615172781,68559.4998758,310
2018/2019,NSW,Mercury & compounds,613.5949948881776,37.583400632840004,6.16565851,290
2018/2019,NT,Cadmium & compounds,99.873690691,5.1541191378999995,6.207309847924528,56
2018/2019,NT,Lead & compounds,19070.121103734476,65.448554647375,45.76179820566037,61
2018/2019,NT,Mercury & compounds,11.125128064583414,0.8159099251499999,1.2488659390396224,59
2018/2019,QLD,Cadmium & compounds,2256.6228311922387,22.014643034299997,18.76128099300626,297
2018/2019,QLD,Lead & compounds,105811.1643697118,278.5156616,213.08312078922816,348
2018/2019,QLD,Mercury & compounds,4271.079741912583,8.284058677240001,1.7859924566259817,370
2018/2019,SA,Cadmium & compounds,2039.3028755608375,1532.3466099,104.58192582083868,96
2018/2019,SA,Lead & compounds,67296.46533499958,15731.5603479,35.55759830474906,129
2018/2019,SA,Mercury & compounds,565.6175981855141,5.543321415,3.636894558036657,112
2018/2019,TAS,Cadmium & compounds,131.18208974201414,1366.58732175,0.3642243603169811,36
2018/2019,TAS,Lead & compounds,1444.4196785708868,457.0801299,90.72458329242642,41
2018/2019,TAS,Mercury & compounds,49.45751375399704,25.455106299999997,0.012213915556442047,45
2018/2019,VIC,Cadmium & compounds,493.585071386922,53.6375354,3.927854105651547,217
2018/2019,VIC,Lead & compounds,3331.5014004198592,1015.796154,19.151050875431963,254
2018/2019,VIC,Mercury & compounds,1085.4273540097868,22.417345400000002,1.0882720772422083,264
2018/2019,WA,Cadmium & compounds,1322.0397481959478,258.1019517901154,86.47446060662641,289
2018/2019,WA,Lead & compounds,24390.999896842655,4841.152517631923,1146.5495110009626,323
2018/2019,WA,Mercury & compounds,3151.9084779907603,12.94664670675,114.35764263150463,333
2019/2020,ACT,Cadmium & compounds,1.4622099412109375,0.0,0.009238858,7
2019/2020,ACT,Lead & compounds,10.086870760096875,288.6,0.041574862,9
2019/2020,ACT,Mercury & compounds,5.388433418941406,1.4,0.000395951,10
2019/2020,NSW,Cadmium & compounds,890.290147033434,5.9671847806,80.65225618119136,224
2019/2020,NSW,Lead & compounds,40459.85067563155,123.918318728,82094.18854260436,303
2019/2020,NSW,Mercury & compounds,475.79117844256996,9.494758416637499,25.419265428244074,283
2019/2020,NT,Cadmium & compounds,124.89622996899999,6.32238742576,1.8608424645668578,31
2019/2020,NT,Lead & compounds,22912.028228868,43.8279373022,18.347508629550862,36
2019/2020,NT,Mercury & compounds,12.712869167772755,3.50746751364,1.7211240358528654,31
2019/2020,QLD,Cadmium & compounds,1726.7904831494257,23.527352,9.134317170991885,300
2019/2020,QLD,Lead & compounds,92321.03139487331,89.10920845,149.22256342896347,342
2019/2020,QLD,Mercury & compounds,1976.0779090794197,9.5594779475,1.4375966335710801,365
2019/2020,SA,Cadmium & compounds,1072.1658267516975,1068.1742626999999,87.00487886981131,95
2019/2020,SA,Lead & compounds,48560.33239513243,19788.534954019997,34.84865263915094,131
2019/2020,SA,Mercury & compounds,216.03808077515401,6.379437167,3.997698982991914,125
2019/2020,TAS,Cadmium & compounds,141.65630637475977,1386.929814,0.0273907548301886,35
2019/2020,TAS,Lead & compounds,1553.4138331470476,2151.334247,4493.086900083736,40
2019/2020,TAS,Mercury & compounds,63.98255153247547,25.30285,0.0094858561212938,46
2019/2020,VIC,Cadmium & compounds,406.7947962605092,66.6693143,3.369140083493111,210
2019/2020,VIC,Lead & compounds,4128.776658514168,682.248743,16.551093189719,245
2019/2020,VIC,Mercury & compounds,1185.5821793337961,26.5035538,0.7895060477211329,265
2019/2020,WA,Cadmium & compounds,1370.163474484141,429.4124879888888,66.58968082750577,292
2019/2020,WA,Lead & compounds,24403.01521471163,5832.1796494936725,765.1990224933081,335
2019/2020,WA,Mercury & compounds,2253.0379666607364,15.826723727120791,11.085905755349623,330
2020/2021,ACT,Cadmium & compounds,1.7076414,1.1914,0.010256999999999999,7
2020/2021,ACT,Lead & compounds,5.815891979625,372.2,0.8457063,8
2020/2021,ACT,Mercury & compounds,4.728297306,2.0,0.000635298,10
2020/2021,NSW,Cadmium & compounds,738.7889064823628,7.0525414589999995,0.5072504253396226,201
2020/2021,NSW,Lead & compounds,39897.78027214701,1031.17841459,74989.25988111453,269
2020/2021,NSW,Mercury & compounds,494.66593602753596,22.749188399999998,13.112764468185983,281
2020/2021,NT,Cadmium & compounds,123.052524835,2.836747421848,2.5312438132363377,31
2020/2021,NT,Lead & compounds,21568.057983086,63.543437702309994,24.83487110306352,36
2020/2021,NT,Mercury & compounds,10.077251368676523,1.128523512772,2.376539966695843,31
2020/2021,QLD,Cadmium & compounds,1589.4784591576297,37.319109468,97.04428331718215,293
2020/2021,QLD,Lead & compounds,96291.90381734174,78.795948505,180.2966073942697,330
2020/2021,QLD,Mercury & compounds,1903.7731162924294,5.154675570999999,7.909003561340664,363
2020/2021,SA,Cadmium & compounds,1115.379153156601,815.4478388,101.4766137358566,88
2020/2021,SA,Lead & compounds,65014.50989912131,17493.611694,31.64024489635472,111
2020/2021,SA,Mercury & compounds,124.08458887106079,6.7239847,3.086333730250997,119
2020/2021,TAS,Cadmium & compounds,140.6856624336687,1334.2318027679999,0.09917837773397,36
2020/2021,TAS,Lead & compounds,2194.410778735192,22540.821771169998,17.670175885302864,42
2020/2021,TAS,Mercury & compounds,81.9577370083328,38.138682768,0.014575063060027201,50
2020/2021,VIC,Cadmium & compounds,441.0150078066763,63.2339176,4.115775596852872,208
2020/2021,VIC,Lead & compounds,3876.731268376183,3359.806676,19.979735610337926,238
2020/2021,VIC,Mercury & compounds,1091.5015859199202,28.3959276,0.8218070355794085,272
2020/2021,WA,Cadmium & compounds,1529.4328118711487,447.2626716471725,87.08469485580031,294
2020/2021,WA,Lead & compounds,33959.82383812357,6149.805133951484,1288.7413024699295,337
2020/2021,WA,Mercury & compounds,2698.0249015614436,17.139929441858715,16.35472482660684,349
2021/2022,ACT,Cadmium & compounds,1.0674512,1.4904,0.011218899999999999,7
2021/2022,ACT,Lead & compounds,9.9426948477375,6.427899999999999,0.050304999999999996,9
2021/2022,ACT,Mercury & compounds,5.41091633,2.21005,0.00067881,8
2021/2022,NSW,Cadmium & compounds,717.763385691,29.234923302,2.4927233148,202
2021/2022,NSW,Lead & compounds,32288.53139014289,206.979484741,80452.529065354,273
2021/2022,NSW,Mercury & compounds,536.0904485403,10.63827652,12.5119363236,290
2021/2022,NT,Cadmium & compounds,153.1219286511,2.582419617108,3.832500167,30
2021/2022,NT,Lead & compounds,25249.846320985303,55.725523958885,33.41899277,34
2021/2022,NT,Mercury & compounds,14.2285602054,1.470190475662,3.3399975690000003,30
2021/2022,QLD,Cadmium & compounds,2676.3702012822405,24.450186893799998,30.0782410831,304
2021/2022,QLD,Lead & compounds,117017.39074777871,161.94885150349998,232.80536388950404,343
2021/2022,QLD,Mercury & compounds,2443.8817834301476,4.2967341828,2.7370905406,373
2021/2022,SA,Cadmium & compounds,2890.1396568258,895.1434332,91.89837284,95
2021/2022,SA,Lead & compounds,72298.7701811202,17421.008166,22.996411239999997,120
2021/2022,SA,Mercury & compounds,240.56445290058602,5.7008583,2.463902436,119
2021/2022,TAS,Cadmium & compounds,174.3511096212,1405.4903023410002,0.991402355,41
2021/2022,TAS,Lead & compounds,3214.32519937165,32005.272565930998,21.075854257999996,48
2021/2022,TAS,Mercury & compounds,60.0449467413,36.081918341,0.039025826,50
2021/2022,VIC,Cadmium & compounds,232.24285796122,77.2560081,3.9566280175,209
2021/2022,VIC,Lead & compounds,3237.8522213657398,740.307081,18.3995171546,251
2021/2022,VIC,Mercury & compounds,1124.87261077202,30.9599781,0.717013013392,276
2021/2022,WA,Cadmium & compounds,1560.476321997679,234.56744660467245,98.53063993318817,317
2021/2022,WA,Lead & compounds,34601.55414192316,3265.3037910489725,1216.4651371947136,361
2021/2022,WA,Mercury & compounds,2691.658139528166,19.158055227932476,29.663953624490986,355
2022/2023,ACT,Cadmium & compounds,2.8170123,1.2261000000000002,0.0119972,8
2022/2023,ACT,Lead & compounds,22.199675850000002,6.18079,0.0539175,10
2022/2023,ACT,Mercury & compounds,3.91205218,2.1822,0.0006115960000000001,10
2022/2023,NSW,Cadmium & compounds,575.89748190784,20.04393635,4.9407803230419995,205
2022/2023,NSW,Lead & compounds,25173.045134945172,227.504976,38316.773969426,282
2022/2023,NSW,Mercury & compounds,574.03328953921,16.838771285,0.737538849,319
2022/2023,NT,Cadmium & compounds,160.21261023649998,30.129727045000003,3.5821730400000003,28
2022/2023,NT,Lead & compounds,27939.2544517639,613.04932295,34.64416288,31
2022/2023,NT,Mercury & compounds,14.6260201091,30.211291075000002,3.2974246629,30
2022/2023,QLD,Cadmium & compounds,2546.2257802127147,27.39530275,37.99761086711,298
2022/2023,QLD,Lead & compounds,132190.18387042207,284.5434784,715.134210164,344
2022/2023,QLD,Mercury & compounds,2419.6372302923583,38.41051563,12.2018417096,394
2022/2023,SA,Cadmium & compounds,1683.84608527734,1901.382028432,136.42730942799997,99
2022/2023,SA,Lead & compounds,77666.40019752596,25366.11614216,77.86321455,119
2022/2023,SA,Mercury & compounds,429.300158808029,25.7355071081,11.275359698,124
2022/2023,TAS,Cadmium & compounds,75.8645548005,1471.61697302,0.139695931,41
2022/2023,TAS,Lead & compounds,1804.9706708920999,15706.29807885,1.359138752,44
2022/2023,TAS,Mercury & compounds,55.92084165240001,33.19825394,0.01253436246,49
2022/2023,VIC,Cadmium & compounds,229.7113729063529,71.50438109999999,3.4122107403,209
2022/2023,VIC,Lead & compounds,3690.163499635957,865.3616400000001,244.06928297299999,248
2022/2023,VIC,Mercury & compounds,902.1654351004745,30.3651211,1.81792616591,287
2022/2023,WA,Cadmium & compounds,1691.266635849268,236.94200532500003,270.76233956329935,314
2022/2023,WA,Lead & compounds,60341.42871783296,4553.463027785,974.569222806443,360
2022/2023,WA,Mercury & compounds,2875.0458408351165,35.4562157739516,29.35680051201158,352
2023/2024,ACT,Cadmium & compounds,3.6654603,2.0099,0.0128515,8
2023/2024,ACT,Lead & compounds,35.711825,6.7,0.0578066,9
2023/2024,ACT,Mercury & compounds,5.942768,1.93,0.000648634,10
2023/2024,NSW,Cadmium & compounds,697.7648788507186,2.69807725,1.89718200955,212
2023/2024,NSW,Lead & compounds,30164.428528167857,415.59655124,35039.1913350365,298
2023/2024,NSW,Mercury & compounds,532.078928062388,17.729807895,0.305678676775,325
2023/2024,NT,Cadmium & compounds,154.5605124263,51.1751634537695,6.412445563,28
2023/2024,NT,Lead & compounds,27178.4605245868,953.4942617234618,62.15107708,32
2023/2024,NT,Mercury & compounds,15.5490904125,43.331219598323194,6.0457372245,29
2023/2024,QLD,Cadmium & compounds,3944.6761549181865,14.3935119411,11.34098525326,289
2023/2024,QLD,Lead & compounds,216876.80280681237,127.6378460081,126.7886990874,339
2023/2024,QLD,Mercury & compounds,1355.020905586507,4.02787198534,2.204681844845,375
2023/2024,SA,Cadmium & compounds,1594.8581487067,2971.5010512,120.747924842,101
2023/2024,SA,Lead & compounds,54905.82849229508,24834.569512000002,61.25011809,122
2023/2024,SA,Mercury & compounds,482.32704361188,16.5850512,8.7466879025,126
2023/2024,TAS,Cadmium & compounds,68.9952153939,1417.1719285660001,0.44313413199999996,39
2023/2024,TAS,Lead & compounds,1494.3393862506,10326.28412434,975.723112633,42
2023/2024,TAS,Mercury & compounds,62.916684463799996,29.326872692000002,4.0264286509,50
2023/2024,VIC,Cadmium & compounds,228.87831858263002,58.9139588,3.84389576921,208
2023/2024,VIC,Lead & compounds,3605.54844694287,642.689751,160.132682396,247
2023/2024,VIC,Mercury & compounds,884.29060322114,27.2341713,1.00144408122,275
2023/2024,WA,Cadmium & compounds,1697.3803713826494,238.36798143800002,330.571706098,290
2023/2024,WA,Lead & compounds,111143.62360513431,5214.913262399,3507.824671985,332
2023/2024,WA,Mercury & compounds,2469.1927993171907,26.0319842849,16.7823683164,336
2024/2025,ACT,Cadmium & compounds,2.7356286,0.87,0.0136785,8
2024/2025,ACT,Lead & compounds,19.97010418,3.75,0.061518300000000005,10
2024/2025,ACT,Mercury & compounds,2.42410871,1.65,0.000634936,10
2024/2025,NSW,Cadmium & compounds,547.0508296230842,135.9845273,6.988642986,229
2024/2025,NSW,Lead & compounds,24233.81429941335,159.363416,168931.436205555,311
2024/2025,NSW,Mercury & compounds,510.93114004212117,19.70818315,0.401011517,337
2024/2025,NT,Cadmium & compounds,164.8952273473,1.916174303,3.8520914050000004,28
2024/2025,NT,Lead & compounds,27465.0150894928,67.20532148000001,37.14594775,31
2024/2025,NT,Mercury & compounds,17.1522501104,0.5832818830000001,3.5423535745,29
2024/2025,QLD,Cadmium & compounds,3957.7116089862106,48.29081156,14.504829761803702,281
2024/2025,QLD,Lead & compounds,152101.68100224805,616.38256423,132.73057256627135,324
2024/2025,QLD,Mercury & compounds,1243.2276024765151,5.694184496,2.345860572489395,365
2024/2025,SA,Cadmium & compounds,2698.1479915439004,2166.4331536000004,121.5717549802279,96
2024/2025,SA,Lead & compounds,73259.5776532835,27024.712512,63.38354713977466,112
2024/2025,SA,Mercury & compounds,142.15118864138697,45.1930512,9.025513430156124,120
2024/2025,TAS,Cadmium & compounds,209.2292404295,1138.6811467520001,0.054880795999999996,38
2024/2025,TAS,Lead & compounds,8568.3201293395,1525.09914122,4.195432886000001,41
2024/2025,TAS,Mercury & compounds,56.183141067200005,31.151631476,0.0117456651,47
2024/2025,VIC,Cadmium & compounds,193.64966195546,65.7476129,4.2121459466,210
2024/2025,VIC,Lead & compounds,3776.71010650365,680.726129,21.203631727999998,251
2024/2025,VIC,Mercury & compounds,758.019566897112,26.8865929,2.05986318612,288
2024/2025,WA,Cadmium & compounds,1565.892979015517,307.86809049100003,237.46098516603882,289
2024/2025,WA,Lead & compounds,123697.51558726364,6142.521858016001,506.3758308376,325
2024/2025,WA,Mercury & compounds,2321.5910107505083,45.062960992,6.776613727506418,337
